Infected ,Exposed ,Severe  Infected ,Quarantined ,Immunized ,Susceptible ,Dead ,Initial  Exposed ,Susceptible  to  Exposed  transition  constant ,Daily  Quarantine  rate  of  the  Exposed ,Daily  Infected  to  Severe  Infected  transition  rate ,Hospital  Capacity ,Severe  Infected  to  Dead  transition  probability ,Severe  Infected  to  Dead  transition  probability  (Hospital  Cap.  Exceeded) ,Infected  to  Recovery  Immunized  transition  probability ,Disease  transmission  rate  of  Exposed  compared  to  Infected ,Disease  transmission  rate  of  Quarantined  compared  to  Infected ,Disease  transmission  rate  of  Severe  Infected  compared  to  Infected ,Incubation  period  (Days) ,Infection    period  (Days) ,Leakage  ratio ,Traffic  ratio ,Airway ,Railway ,Highway
0.0,0.0,0.0,0.0,0.0,652312.0,0.0,0.0,30.0,2.0,0.35,250.0,7.0,11.0,90.0,100.0,20.0,20.0,5.0,14.0,0.0,1.0,1.0,1.0,1.0
0.0,0.0,0.0,0.0,0.0,652309.0,0.0,0.0,30.0,2.0,0.35,250.0,7.0,11.0,90.0,100.0,20.0,20.0,5.0,14.0,0.0,1.0,1.0,1.0,1.0
0.0,0.0,0.0,0.0,0.0,652306.0,0.0,0.0,30.0,2.0,0.35,250.0,7.0,11.0,90.0,100.0,20.0,20.0,5.0,14.0,0.0,1.0,1.0,1.0,1.0
0.0,0.0,0.0,0.0,0.0,652303.0,0.0,0.0,30.0,2.0,0.35,250.0,7.0,11.0,90.0,100.0,20.0,20.0,5.0,14.0,0.0,1.0,1.0,1.0,1.0
0.0,0.0,0.0,0.0,0.0,652300.0,0.0,0.0,30.0,2.0,0.35,250.0,7.0,11.0,90.0,100.0,20.0,20.0,5.0,14.0,0.0,1.0,1.0,1.0,1.0
0.0,0.0,0.0,0.0,0.0,652297.0,0.0,0.0,30.0,2.0,0.35,250.0,7.0,11.0,90.0,100.0,20.0,20.0,5.0,14.0,0.0,1.0,1.0,1.0,1.0
0.0,0.0,0.0,0.0,0.0,652294.0,0.0,0.0,30.0,2.0,0.35,250.0,7.0,11.0,90.0,100.0,20.0,20.0,5.0,14.0,0.0,1.0,1.0,1.0,1.0
0.0,0.0,0.0,0.0,0.0,652293.0,0.0,0.0,30.0,2.0,0.35,250.0,7.0,11.0,90.0,100.0,20.0,20.0,5.0,14.0,0.0,1.0,1.0,1.0,1.0
0.0,0.0,0.0,0.0,0.0,652293.0,0.0,0.0,30.0,2.0,0.35,250.0,7.0,11.0,90.0,100.0,20.0,20.0,5.0,14.0,0.0,1.0,1.0,1.0,1.0
0.0,0.0,0.0,0.0,0.0,652293.0,0.0,0.0,30.0,2.0,0.35,250.0,7.0,11.0,90.0,100.0,20.0,20.0,5.0,14.0,0.0,1.0,1.0,1.0,1.0
